timestamp_s,power_w,sm_clock_mhz,utilization_pct
1779088741.685349,66.01,1140,0
1779088741.789056,66.01,1140,0
1779088741.892213,66.94,1140,0
1779088741.995457,108.62,1140,29
1779088742.098653,191.72,1140,29
1779088742.202219,246.95,1410,62
1779088742.305339,266.36,1410,62
1779088742.408425,345.76,1410,82
1779088742.512893,271.00,1410,86
1779088742.616507,253.14,1410,86
1779088742.719578,265.75,1410,85
1779088742.822729,262.05,1410,85
1779088742.978859,448.67,1320,89
1779088743.085486,265.42,1410,89
1779088743.188691,272.83,1410,85
1779088743.291862,270.67,1410,85
1779088743.395012,327.36,1410,82
1779088743.498199,258.67,1410,82
1779088743.601940,273.16,1410,87
1779088743.705131,277.14,1410,87
1779088743.808681,277.75,1410,83
1779088743.911805,370.30,1410,83
1779088744.015028,258.34,1410,87
1779088744.118103,261.77,1410,87
1779088744.221308,258.06,1395,86
1779088744.325110,262.65,1410,84
1779088744.428591,401.45,1410,84
1779088744.531769,262.05,1410,86
1779088744.634929,256.18,1410,86
1779088744.738163,283.89,1410,84
1779088744.841319,281.46,1410,84
1779088744.944468,283.28,1410,84
1779088745.047796,270.34,1410,84
1779088745.152412,274.04,1410,85
1779088745.255588,294.67,1410,85
1779088745.358793,287.92,1395,83
1779088745.462170,423.93,1395,83
1779088745.565413,283.61,1410,85
1779088745.669222,279.57,1350,85
1779088745.773639,261.43,1395,90
1779088745.877320,451.15,1410,90
1779088745.980889,394.05,1335,90
1779088746.084183,263.59,1395,90
1779088746.187299,411.28,1365,95
1779088746.290629,269.45,1395,95
1779088746.393774,433.94,1380,93
1779088746.497026,280.51,1395,93
1779088746.600199,277.14,1410,91
1779088746.704041,296.83,1395,91
1779088746.807332,282.39,1410,91
1779088746.911573,413.77,1395,91
1779088747.014797,271.89,1410,92
1779088747.118023,348.24,1380,92
1779088747.221354,403.00,1380,93
1779088747.324582,256.51,1410,93
1779088747.428134,431.18,1335,91
1779088747.535542,264.54,1395,91
1779088747.640808,295.31,1380,93
1779088747.744024,283.61,1395,93
1779088747.847218,272.49,1410,92
1779088748.013778,420.51,1335,95
1779088748.117720,377.47,1365,95
1779088748.226014,287.32,1410,94
1779088748.329115,282.39,1410,94
1779088748.432327,308.83,1410,90
1779088748.535468,256.51,1410,90
1779088748.638574,390.67,1380,90
1779088748.742514,283.61,1395,90
1779088748.845702,262.65,1410,92
1779088748.955181,303.91,1410,92
1779088749.058437,276.53,1410,91
1779088749.161725,401.45,1395,88
1779088749.265835,297.16,1410,88
1779088749.371014,292.52,1395,90
1779088749.474188,283.89,1410,90
1779088749.577447,262.65,1410,90
1779088749.680652,363.32,1410,90
1779088749.783848,289.48,1410,91
1779088749.887017,264.20,1380,91
1779088749.990998,340.24,1395,91
1779088750.094206,286.99,1410,91
1779088750.197379,420.08,1350,93
1779088750.300578,407.92,1395,93
1779088750.403725,298.38,1395,93
1779088750.506776,288.20,1410,93
1779088750.610308,300.87,1410,89
1779088750.713300,306.40,1410,89
1779088750.816859,271.61,1410,91
1779088750.921969,309.17,1395,91
1779088751.025053,266.36,1410,90
1779088751.128118,406.70,1410,90
1779088751.231253,282.68,1410,90
1779088751.334368,300.87,1410,90
1779088751.437434,308.55,1380,91
1779088751.540638,296.22,1410,91
1779088751.644366,407.30,1395,90
1779088751.748598,293.79,1395,90
1779088751.851628,309.50,1410,92
1779088751.954762,399.90,1350,92
1779088752.058020,305.46,1395,95
1779088752.161135,427.91,1365,95
1779088752.264307,311.32,1395,92
1779088752.367339,261.10,1410,92
1779088752.471224,256.79,1395,82
1779088752.575978,298.10,1410,82
1779088752.681863,338.75,1395,85
1779088752.784999,292.52,1410,85
1779088752.888031,308.24,1380,90
1779088752.991142,288.87,1395,90
1779088753.094200,311.32,1410,90
1779088753.198152,326.37,1410,90
1779088753.301341,318.68,1410,90
1779088753.404634,281.73,1395,89
1779088753.507822,310.99,1410,89
1779088753.610984,319.29,1380,89
1779088753.714124,325.20,1410,89
1779088753.817307,315.64,1410,90
1779088753.920434,317.79,1365,90
1779088754.024283,414.05,1395,95
1779088754.134024,320.84,1350,95
1779088754.237240,416.53,1395,93
1779088754.341416,316.86,1410,93
1779088754.444380,404.21,1350,92
1779088754.547495,321.17,1395,92
1779088754.651251,321.78,1395,91
1779088754.754277,321.77,1410,91
1779088754.858657,405.23,1395,90
1779088754.961901,302.69,1395,90
1779088755.065016,287.32,1410,92
1779088755.168168,410.07,1335,92
1779088755.271472,307.02,1395,91
1779088755.374672,406.36,1380,91
1779088755.478648,284.22,1395,92
1779088755.581796,303.91,1410,92
1779088755.685049,328.85,1395,90
1779088755.788124,289.14,1410,90
1779088755.891232,438.36,1350,90
1779088755.994502,284.84,1395,90
1779088756.097731,313.48,1410,91
1779088756.201240,325.48,1395,91
1779088756.305096,283.61,1410,91
1779088756.416814,426.87,1395,91
1779088756.520177,299.02,1410,90
1779088756.623430,319.95,1380,91
1779088756.726623,325.48,1395,91
1779088756.830674,325.48,1410,90
1779088756.934409,425.42,1350,90
1779088757.037657,317.46,1395,92
1779088757.140804,332.56,1320,92
1779088757.244000,395.31,1395,93
1779088757.347147,304.51,1410,93
1779088757.450350,426.09,1395,91
1779088757.553494,318.07,1410,91
1779088757.656756,326.70,1320,91
1779088757.760600,400.51,1380,91
1779088757.868349,328.52,1350,89
1779088757.971714,324.54,1395,89
1779088758.075398,278.36,1410,85
1779088758.178524,405.43,1365,85
1779088758.281693,328.58,1395,94
1779088758.385195,427.91,1335,94
1779088758.512030,257.45,1320,95
1779088758.617302,336.53,1380,95
1779088758.720529,340.23,1395,89
1779088758.823643,343.00,1410,89
1779088758.926877,413.02,1395,88
1779088759.030025,291.90,1410,88
1779088759.133160,336.53,1380,93
1779088759.238974,395.92,1350,93
1779088759.348935,330.73,1410,94
1779088759.509916,424.21,1320,95
1779088759.613185,377.14,1350,95
1779088759.716503,337.47,1395,96
1779088759.819652,342.06,1410,96
1779088759.922871,427.48,1335,89
1779088760.026826,318.73,1395,89
1779088760.134175,346.36,1365,91
1779088760.237457,330.68,1395,91
1779088760.340700,329.79,1410,90
1779088760.443892,324.54,1395,90
1779088760.547065,290.97,1410,92
1779088760.650242,436.37,1350,92
1779088760.756311,329.80,1395,93
1779088760.869636,311.94,1395,90
1779088760.972876,411.01,1395,90
1779088761.076259,331.95,1410,91
1779088761.180285,445.76,1320,91
1779088761.284788,295.94,1395,94
1779088761.387947,326.09,1365,94
1779088761.491234,329.80,1395,92
1779088761.594399,295.61,1410,92
1779088761.697574,428.09,1395,88
1779088761.800714,345.15,1410,88
1779088761.903865,333.50,1365,86
1779088762.007176,331.28,1395,86
1779088762.110955,327.30,1410,87
1779088762.215560,426.87,1395,87
1779088762.318686,333.44,1410,91
1779088762.422019,377.75,1320,91
1779088762.526375,309.18,1395,94
1779088762.629881,408.71,1365,94
1779088762.733328,339.62,1395,92
1779088762.836699,358.41,1410,92
1779088762.940583,357.71,1395,90
1779088763.043708,353.74,1410,90
1779088763.146801,424.28,1380,88
1779088763.250172,348.77,1395,88
1779088763.353376,393.36,1380,92
1779088763.456526,339.02,1395,92
1779088763.559702,346.95,1410,92
1779088763.662863,440.39,1350,92
1779088763.766059,320.23,1395,90
1779088763.869363,362.29,1410,90
1779088763.973277,315.32,1380,92
1779088764.076486,352.19,1410,92
1779088764.179711,423.68,1335,90
1779088764.283016,343.86,1395,90
1779088764.386236,439.01,1320,94
1779088764.489527,397.67,1320,94
1779088764.592747,308.54,1395,98
1779088764.695996,406.75,1380,98
1779088764.799189,312.84,1410,93
1779088764.902755,444.52,1320,93
1779088765.015826,342.65,1395,90
1779088765.121532,327.58,1380,90
1779088765.224707,419.04,1395,90
1779088765.327993,305.78,1410,92
1779088765.431756,442.09,1320,92
1779088765.536685,322.66,1395,92
1779088765.640208,321.45,1350,92
1779088765.743383,415.35,1380,94
1779088765.846521,348.17,1380,94
1779088765.949736,414.14,1395,92
1779088766.052959,343.86,1410,92
1779088766.156164,319.30,1350,90
1779088766.259866,413.53,1395,90
1779088766.369430,342.04,1350,90
1779088766.473181,456.82,1395,90
1779088766.576309,345.38,1410,91
1779088766.679415,411.05,1335,91
1779088766.782532,404.60,1335,96
1779088766.885755,411.99,1320,96
1779088766.989475,345.41,1395,94
1779088767.097064,332.21,1395,94
1779088767.200161,284.25,1395,91
1779088767.303230,353.98,1410,91
1779088767.406452,442.24,1290,89
1779088767.509683,407.69,1305,89
1779088767.612936,340.82,1395,98
1779088767.716580,404.93,1335,98
1779088767.822769,351.50,1395,96
1779088767.925956,423.68,1305,96
1779088768.029219,292.53,1395,91
1779088768.132415,361.65,1365,91
1779088768.235592,404.93,1365,92
1779088768.338814,335.25,1395,92
1779088768.441987,422.14,1350,92
1779088768.555565,299.64,1395,92
1779088768.658839,448.21,1320,92
1779088768.762366,300.53,1395,92
1779088768.865561,369.64,1410,92
1779088768.968827,428.58,1395,92
1779088769.072581,365.61,1410,92
1779088769.181489,418.44,1365,89
1779088769.285450,309.75,1395,89
1779088769.389148,362.02,1335,92
1779088769.492444,415.35,1395,92
1779088769.595743,373.95,1410,91
1779088769.699691,434.10,1320,91
1779088769.808884,397.54,1395,95
1779088769.913116,403.39,1320,95
1779088770.016397,350.57,1395,93
1779088770.119607,444.25,1335,93
1779088770.222767,325.75,1365,93
1779088770.326542,370.30,1395,93
1779088770.431050,415.07,1320,92
1779088770.534396,368.38,1395,92
1779088770.637555,417.23,1320,91
1779088770.740903,309.14,1395,91
1779088770.844172,366.88,1410,91
1779088770.947499,407.08,1305,91
1779088771.050813,410.44,1305,96
1779088771.154040,415.07,1380,96
1779088771.257958,362.29,1395,95
1779088771.366258,357.34,1335,95
1779088771.469551,329.73,1395,91
1779088771.572840,372.07,1410,91
1779088771.676252,435.04,1320,89
1779088771.779848,401.57,1380,89
1779088771.890933,392.96,1350,96
1779088771.995810,332.49,1395,93
1779088772.116559,362.62,1410,93
1779088772.219767,445.12,1320,92
1779088772.323192,311.90,1395,92
1779088772.426347,371.46,1320,90
1779088772.529483,409.56,1320,90
1779088772.633293,408.90,1335,98
1779088772.737868,424.28,1305,98
1779088772.842318,405.87,1350,100
1779088772.945584,365.11,1365,100
1779088773.048741,346.01,1395,91
1779088773.151819,417.50,1335,91
1779088773.254933,346.95,1395,92
1779088773.358446,384.97,1410,92
1779088773.468133,328.85,1380,90
1779088773.571295,360.71,1410,90
1779088773.674455,408.02,1350,91
1779088773.777816,370.25,1395,91
1779088773.881012,274.75,1410,92
1779088773.984394,398.07,1320,92
1779088774.094440,331.27,1395,96
1779088774.197769,415.07,1335,96
1779088774.301095,362.02,1395,95
1779088774.404846,366.22,1350,95
1779088774.514628,411.38,1395,91
1779088774.624768,344.80,1365,91
1779088774.727929,410.77,1335,91
1779088774.831185,356.50,1395,93
1779088774.934542,431.95,1380,93
1779088775.038399,316.81,1410,92
1779088775.145603,380.06,1365,92
1779088775.248777,410.77,1395,91
1779088775.351866,362.95,1410,91
1779088775.455016,441.15,1335,92
1779088775.558287,318.69,1395,92
1779088775.661588,360.44,1350,90
1779088775.765435,415.07,1395,90
1779088775.868612,375.76,1410,90
1779088775.972309,351.23,1410,90
1779088776.075644,390.21,1410,88
1779088776.178835,339.87,1410,88
1779088776.282064,384.36,1410,88
1779088776.385264,386.52,1410,88
1779088776.489021,351.50,1410,88
1779088776.592227,384.97,1410,88
1779088776.695471,334.64,1410,90
1779088776.798736,372.07,1410,90
1779088776.901990,388.94,1410,90
1779088777.005211,321.39,1410,90
1779088777.108436,373.95,1410,88
1779088777.212253,392.03,1410,88
1779088777.315868,336.52,1410,88
1779088777.419102,380.39,1410,88
1779088777.522292,393.57,1350,91
1779088777.625573,401.23,1305,91
1779088777.728796,407.08,1305,95
1779088777.835809,309.75,1395,95
1779088777.940508,377.91,1410,93
1779088778.043771,393.25,1410,89
1779088778.146927,333.69,1410,89
1779088778.250073,380.67,1410,91
1779088778.353161,395.72,1410,91
1779088778.456384,351.83,1410,89
1779088778.559646,380.39,1410,89
1779088778.664817,393.90,1410,88
1779088778.767933,341.71,1410,88
1779088778.871070,378.85,1410,90
1779088778.974315,392.63,1410,90
1779088779.077565,336.79,1410,88
1779088779.180755,379.46,1410,88
1779088779.284015,393.90,1410,89
1779088779.388633,339.89,1410,89
1779088779.492356,381.00,1410,91
1779088779.595489,337.13,1410,91
1779088779.698624,362.86,1410,88
1779088779.801679,391.75,1410,88
1779088779.904758,328.18,1410,89
1779088780.008057,375.44,1410,89
1779088780.112851,391.09,1410,91
1779088780.216024,306.05,1410,91
1779088780.319291,366.88,1410,88
1779088780.422528,387.45,1410,88
1779088780.525777,372.68,1410,90
1779088780.628866,360.47,1410,90
1779088780.732466,386.18,1410,88
1779088780.836607,393.57,1410,88
1779088780.939811,322.39,1410,87
1779088781.043045,368.38,1410,87
1779088781.146276,389.06,1410,89
1779088781.249629,394.18,1410,89
1779088781.353189,343.25,1410,87
1779088781.458040,378.25,1410,90
1779088781.561256,393.57,1410,90
1779088781.664500,310.35,1410,88
1779088781.767717,367.77,1410,88
1779088781.870987,386.79,1410,90
1779088781.974187,404.93,1410,90
1779088782.077411,342.65,1410,88
1779088782.181223,377.09,1410,88
1779088782.284453,392.76,1410,89
1779088782.387628,328.85,1410,89
1779088782.490850,365.11,1410,89
1779088782.594132,383.81,1410,89
1779088782.702269,394.18,1410,87
1779088782.807236,307.60,1410,87
1779088782.911890,385.91,1410,90
1779088783.014905,397.87,1410,90
1779088783.117936,332.49,1410,88
1779088783.221083,373.01,1410,88
1779088783.324241,390.00,1410,90
1779088783.427981,404.74,1410,90
1779088783.531175,346.95,1410,88
1779088783.634266,377.97,1410,88
1779088783.737498,391.42,1410,90
1779088783.840714,380.12,1410,90
1779088783.943904,341.43,1410,87
1779088784.047077,375.54,1410,87
1779088784.150900,391.09,1410,90
1779088784.254512,396.46,1410,90
1779088784.357689,338.67,1410,88
1779088784.460955,372.17,1410,88
1779088784.564182,388.66,1410,89
1779088784.667984,396.06,1410,89
1779088784.771203,311.62,1410,87
1779088784.875550,362.95,1410,90
1779088784.978813,382.82,1410,90
1779088785.082066,393.25,1410,88
1779088785.185282,351.58,1410,88
1779088785.288535,341.43,1410,88
1779088785.391787,375.54,1410,88
1779088785.495059,389.67,1410,89
1779088785.598835,398.81,1410,89
1779088785.702133,316.20,1410,87
1779088785.805387,344.52,1410,87
1779088785.908665,381.39,1410,90
1779088786.011970,392.36,1410,90
1779088786.115289,396.06,1410,87
1779088786.218473,335.58,1410,87
1779088786.322321,370.30,1410,90
1779088786.426329,384.69,1410,90
1779088786.530080,406.14,1365,89
1779088786.633259,358.32,1395,89
1779088786.736344,458.03,1365,93
1779088786.839421,403.11,1320,93
1779088786.942530,345.74,1395,95
1779088787.045614,418.44,1395,95
1779088787.148905,397.87,1350,93
1779088787.258532,321.72,1410,93
1779088787.361705,369.69,1410,91
1779088787.464847,388.66,1410,91
1779088787.568335,396.66,1410,91
1779088787.671516,317.42,1410,91
1779088787.775460,353.07,1410,87
1779088787.882536,441.15,1320,87
1779088787.985627,411.05,1320,93
1779088788.092024,320.23,1395,93
1779088788.195234,354.62,1410,92
1779088788.299076,384.15,1410,89
1779088788.402417,440.55,1350,89
1779088788.507731,346.34,1365,92
1779088788.610938,420.26,1350,92
1779088788.714199,374.93,1395,92
1779088788.817356,319.57,1410,92
1779088788.920480,365.95,1365,89
1779088789.023743,413.53,1320,89
1779088789.127571,355.23,1395,95
1779088789.230712,379.51,1410,95
1779088789.333889,342.98,1410,88
1779088789.437055,345.74,1410,88
1779088789.540273,379.85,1410,90
1779088789.643522,390.60,1410,90
1779088789.746880,398.20,1410,87
1779088789.850694,312.51,1410,87
1779088789.956901,409.84,1305,92
1779088790.060132,408.90,1320,92
1779088790.163409,324.21,1395,97
1779088790.266465,376.15,1410,97
1779088790.369559,393.57,1410,90
1779088790.472661,396.66,1410,90
1779088790.576380,333.10,1410,88
1779088790.680121,335.58,1410,88
1779088790.783214,367.54,1410,88
1779088790.886316,383.15,1410,88
1779088790.989412,411.05,1350,89
1779088791.092507,363.56,1395,89
1779088791.195622,332.49,1410,95
1779088791.298819,345.41,1410,95
1779088791.403112,374.33,1410,88
1779088791.507161,384.36,1410,88
1779088791.610535,394.18,1410,90
1779088791.713844,398.48,1410,90
1779088791.817450,309.47,1410,87
1779088791.923704,426.44,1335,94
1779088792.027565,351.86,1395,94
1779088792.131900,382.22,1410,89
1779088792.235244,398.20,1410,89
1779088792.338614,307.32,1410,87
1779088792.441898,423.34,1380,87
1779088792.545281,384.43,1410,93
1779088792.648668,311.02,1410,93
1779088792.752141,351.86,1410,89
1779088792.857737,378.63,1410,89
1779088792.961179,445.45,1335,92
1779088793.064583,338.33,1395,92
1779088793.167878,370.90,1410,90
1779088793.271238,385.97,1410,90
1779088793.374575,396.66,1395,88
1779088793.478028,435.31,1380,88
1779088793.582017,370.85,1395,93
1779088793.685992,406.75,1350,93
1779088793.789309,328.18,1395,95
1779088793.892523,366.32,1410,95
1779088793.995693,401.84,1410,90
1779088794.098938,399.42,1365,90
1779088794.202139,340.82,1395,95
1779088794.305674,348.17,1410,95
1779088794.410008,373.99,1410,88
1779088794.513247,417.50,1335,88
1779088794.616521,359.54,1395,95
1779088794.719724,450.09,1335,95
1779088794.822977,406.75,1335,93
1779088794.926193,401.57,1365,93
1779088795.029546,305.78,1395,97
1779088795.133401,338.67,1410,97
1779088795.238836,430.13,1350,87
1779088795.342156,368.10,1395,87
1779088795.445407,390.00,1410,94
1779088795.553039,350.31,1410,87
1779088795.656453,341.43,1410,87
1779088795.761389,368.47,1410,89
1779088795.864662,384.03,1410,89
1779088795.967887,392.15,1410,89
1779088796.071084,398.81,1410,89
1779088796.174269,303.89,1410,86
1779088796.277503,348.77,1380,86
1779088796.380848,414.23,1365,92
1779088796.484800,296.23,1395,92
1779088796.588101,344.19,1410,89
1779088796.691312,409.04,1350,89
1779088796.794704,405.34,1395,94
1779088796.897956,382.61,1410,94
1779088797.001127,316.81,1350,87
1779088797.104259,417.23,1335,87
1779088797.207558,304.23,1395,95
1779088797.311285,336.19,1410,95
1779088797.420637,452.85,1365,90
1779088797.523791,406.14,1320,90
1779088797.626999,384.76,1395,95
1779088797.730118,337.40,1410,95
1779088797.833392,339.28,1410,87
1779088797.938207,372.45,1410,87
1779088798.042966,417.23,1320,90
1779088798.146239,372.17,1395,90
1779088798.249527,394.79,1410,92
1779088798.352787,360.81,1410,92
1779088798.456054,426.44,1320,87
1779088798.559344,317.75,1380,87
1779088798.663168,361.41,1410,95
1779088798.766355,387.85,1410,95
1779088798.870645,456.21,1335,89
1779088798.975110,409.65,1365,89
1779088799.079659,362.02,1395,95
1779088799.182933,387.85,1410,86
1779088799.287194,399.69,1410,86
1779088799.397596,430.41,1365,93
1779088799.500900,371.23,1395,93
1779088799.604144,331.61,1410,89
1779088799.707339,376.75,1410,89
1779088799.811150,434.71,1350,94
1779088799.917379,339.55,1395,94
1779088800.020930,373.06,1410,91
1779088800.124350,395.12,1410,91
1779088800.227837,363.23,1380,89
1779088800.331268,417.23,1365,89
1779088800.434923,395.52,1350,98
1779088800.539025,417.23,1395,98
1779088800.642745,357.38,1410,91
1779088800.747272,428.86,1380,91
1779088800.850783,408.02,1350,93
1779088800.954342,361.68,1380,93
1779088801.057791,341.71,1410,95
1779088801.161424,356.16,1410,95
1779088801.267012,418.44,1350,88
1779088801.370595,334.37,1395,88
1779088801.474124,414.89,1350,93
1779088801.577532,410.26,1335,93
1779088801.681053,377.09,1395,95
1779088801.784643,404.74,1410,95
1779088801.888844,330.67,1410,88
1779088802.000109,423.17,1335,88
1779088802.104662,309.18,1395,93
1779088802.208205,359.54,1410,90
1779088802.312274,387.19,1410,90
1779088802.416854,449.88,1320,93
1779088802.521380,402.86,1380,93
1779088802.624855,373.99,1410,93
1779088802.728339,396.74,1410,93
1779088802.831832,316.86,1365,91
1779088802.935277,409.98,1395,91
1779088803.039226,339.28,1410,90
1779088803.142724,356.77,1410,90
1779088803.245991,382.61,1350,91
1779088803.349300,406.89,1395,91
1779088803.452548,370.90,1410,93
1779088803.555722,398.61,1410,93
1779088803.659061,336.79,1350,90
1779088803.763045,402.58,1395,90
1779088803.867299,394.91,1410,93
1779088803.974242,436.85,1335,93
1779088804.077509,307.63,1365,93
1779088804.180903,354.62,1395,93
1779088804.284173,427.98,1380,90
1779088804.387469,338.41,1380,90
1779088804.491288,373.06,1410,93
1779088804.595016,394.31,1410,93
1779088804.698383,409.98,1350,90
1779088804.801712,382.00,1395,90
1779088804.904943,404.74,1410,93
1779088805.008135,362.29,1365,93
1779088805.111307,413.62,1380,91
1779088805.214391,326.08,1410,91
1779088805.317979,375.21,1410,90
1779088805.431120,390.60,1350,91
1779088805.535016,405.67,1305,91
1779088805.638619,324.21,1395,95
1779088805.742608,361.41,1410,95
1779088805.851734,395.80,1335,91
1779088805.954999,409.65,1365,91
1779088806.058342,305.48,1395,93
1779088806.161517,353.07,1410,93
1779088806.264729,383.81,1410,91
1779088806.368633,433.94,1350,91
1779088806.473677,318.68,1395,93
1779088806.576799,354.62,1410,93
1779088806.679940,385.37,1410,91
1779088806.783111,450.36,1365,91
1779088806.886439,350.40,1395,93
1779088806.990189,372.78,1410,93
1779088807.094151,312.51,1410,89
1779088807.197406,403.52,1320,89
1779088807.302494,431.78,1350,94
1779088807.405613,354.98,1380,94
1779088807.508784,409.98,1335,93
1779088807.611979,351.61,1395,93
1779088807.715169,338.08,1410,93
1779088807.818323,372.55,1410,93
1779088807.922317,388.46,1410,90
1779088808.029136,398.28,1395,90
1779088808.132465,407.30,1320,90
1779088808.235696,403.19,1365,90
1779088808.338926,314.70,1395,95
1779088808.442140,359.90,1410,95
1779088808.545666,419.81,1350,89
1779088808.659638,418.54,1380,94
1779088808.762828,297.13,1410,94
1779088808.866096,358.41,1410,89
1779088808.969357,416.11,1365,89
1779088809.073107,327.91,1395,92
1779088809.176237,367.63,1410,92
1779088809.280670,387.31,1350,90
1779088809.383838,412.41,1365,90
1779088809.487161,359.29,1395,92
1779088809.590372,326.70,1410,92
1779088809.693561,421.63,1320,92
1779088809.797227,396.12,1335,92
1779088809.907200,363.32,1335,97
1779088810.010527,314.98,1395,97
1779088810.113847,341.17,1410,90
1779088810.217345,380.78,1410,90
1779088810.322652,414.56,1350,93
1779088810.428451,329.79,1395,93
1779088810.531647,364.81,1410,90
1779088810.634850,418.26,1335,90
1779088810.738048,324.54,1365,95
1779088810.841323,355.92,1395,95
1779088810.944516,390.07,1410,90
1779088811.047750,435.48,1365,90
1779088811.151492,355.59,1380,93
1779088811.254957,386.09,1410,93
1779088811.358191,326.70,1410,89
1779088811.461442,427.75,1320,89
1779088811.564692,407.83,1320,94
1779088811.667882,356.53,1395,94
1779088811.771174,371.61,1410,95
1779088811.874357,346.69,1410,95
1779088811.978157,416.81,1335,88
1779088812.084216,314.38,1395,88
1779088812.192317,366.97,1395,93
1779088812.295618,414.23,1335,95
1779088812.398943,417.65,1380,95
1779088812.502716,388.24,1410,90
1779088812.606589,354.38,1320,90
1779088812.709999,409.74,1320,97
1779088812.813440,371.95,1395,97
1779088812.916695,339.29,1410,91
1779088813.019953,378.08,1380,91
1779088813.123204,420.84,1380,95
1779088813.226470,431.00,1335,95
1779088813.330229,308.55,1395,93
1779088813.434561,359.38,1410,93
1779088813.537740,393.84,1410,91
1779088813.640937,397.27,1410,91
1779088813.744132,318.39,1365,88
1779088813.847284,427.13,1395,88
1779088813.950994,307.32,1410,93
1779088814.054167,404.95,1335,93
1779088814.157925,360.27,1365,98
1779088814.265720,376.92,1410,98
1779088814.368844,426.97,1320,89
1779088814.472052,406.97,1365,89
1779088814.575344,339.03,1395,96
1779088814.678465,387.31,1410,96
1779088814.782297,406.70,1305,92
1779088814.886215,411.01,1320,92
1779088814.991992,339.36,1395,100
1779088815.095088,385.54,1410,100
1779088815.198266,320.84,1350,91
1779088815.301413,403.60,1305,91
1779088815.404519,406.36,1350,96
1779088815.507998,335.65,1395,96
1779088815.611705,420.84,1335,92
1779088815.719765,340.91,1350,98
1779088815.823001,413.25,1395,98
1779088815.926200,354.12,1410,92
1779088816.029426,388.31,1410,92
1779088816.132648,443.00,1320,95
1779088816.236550,351.36,1395,95
1779088816.340334,386.76,1410,90
1779088816.445116,336.26,1335,90
1779088816.548476,317.79,1395,92
1779088816.651745,371.01,1410,92
1779088816.754869,395.31,1350,92
1779088816.858047,413.16,1395,92
1779088816.961255,385.76,1410,92
1779088817.065032,332.22,1380,92
1779088817.172759,414.80,1395,92
1779088817.275890,336.00,1365,92
1779088817.379170,418.96,1395,93
1779088817.482857,410.07,1305,93
1779088817.586283,303.93,1380,96
1779088817.690071,370.68,1410,96
1779088817.794952,396.60,1410,90
1779088817.898171,387.58,1410,90
1779088818.001332,407.92,1350,91
1779088818.104483,407.92,1350,91
1779088818.207648,324.54,1365,98
1779088818.310986,378.08,1395,98
1779088818.414167,396.53,1410,92
1779088818.517921,413.86,1335,92
1779088818.622987,383.99,1395,93
1779088818.726139,353.19,1410,93
1779088818.829312,410.48,1320,89
1779088818.932515,406.78,1335,89
1779088819.035830,373.21,1395,98
1779088819.139280,405.23,1410,98
1779088819.242547,433.60,1305,89
1779088819.348460,402.80,1305,100
1779088819.456015,347.32,1395,100
1779088819.559383,352.58,1410,91
1779088819.662559,459.15,1320,91
1779088819.765990,405.23,1320,98
1779088819.869918,307.93,1395,98
1779088819.974463,354.49,1410,91
1779088820.077727,391.68,1410,91
1779088820.181006,397.88,1410,90
1779088820.284269,327.63,1350,90
1779088820.387571,417.56,1305,93
1779088820.490921,408.94,1395,93
1779088820.594917,334.44,1410,90
1779088820.703830,372.33,1335,90
1779088820.807074,411.70,1335,95
1779088820.910865,411.70,1395,95
1779088821.015066,403.68,1410,91
1779088821.118703,402.46,1335,91
1779088821.228333,351.97,1380,98
1779088821.331497,391.68,1410,98
1779088821.434737,367.07,1395,89
1779088821.537970,409.27,1335,89
1779088821.641310,384.32,1395,95
1779088821.744944,342.40,1410,95
1779088821.849454,415.74,1320,89
1779088821.954466,346.46,1395,89
1779088822.057666,382.17,1410,95
1779088822.160868,359.42,1410,95
1779088822.264037,353.88,1410,89
1779088822.367663,416.34,1320,89
1779088822.470908,328.58,1380,95
1779088822.575896,412.31,1320,93
1779088822.683169,310.42,1395,93
1779088822.786494,360.02,1410,85
1779088822.889751,395.11,1410,85
1779088822.993101,400.04,1410,90
1779088823.096417,353.27,1410,90
1779088823.200255,383.72,1410,91
1779088823.303395,396.93,1380,91
1779088823.407305,397.55,1395,91
1779088823.510634,336.00,1410,91
1779088823.613913,387.36,1350,90
1779088823.717123,409.27,1365,90
1779088823.820399,364.91,1395,91
1779088823.923909,332.29,1320,91
1779088824.033297,410.15,1305,95
1779088824.136609,412.31,1395,95
1779088824.240420,323.38,1410,90
1779088824.343900,413.58,1335,90
1779088824.447037,402.46,1320,95
1779088824.550876,385.21,1395,95
1779088824.654863,350.43,1410,90
1779088824.759507,417.90,1335,90
1779088824.862787,370.44,1395,94
1779088824.965898,395.38,1410,94
1779088825.069099,433.88,1350,89
1779088825.172284,399.42,1365,89
1779088825.275446,319.06,1380,94
1779088825.379196,365.19,1410,94
1779088825.483178,390.80,1410,88
1779088825.586448,407.39,1335,88
1779088825.690438,280.52,1395,94
1779088825.793657,352.66,1410,94
1779088825.896822,443.45,1320,87
1779088826.000282,345.58,1395,87
1779088826.103363,445.00,1320,92
1779088826.208557,402.46,1320,97
1779088826.315173,348.34,1395,97
1779088826.422451,433.27,1335,93
1779088826.525710,368.66,1395,93
1779088826.629744,335.05,1410,88
1779088826.734030,424.37,1320,88
1779088826.837266,376.92,1350,97
1779088826.943612,412.64,1395,97
1779088827.046824,388.31,1335,93
1779088827.150051,409.27,1395,93
1779088827.253248,305.49,1410,91
1779088827.356443,408.66,1320,91
1779088827.459858,327.97,1395,93
1779088827.564481,374.43,1410,93
1779088827.667628,397.88,1350,91
1779088827.770877,412.97,1395,91
1779088827.874083,383.72,1410,94
1779088827.977823,408.33,1350,94
1779088828.081136,385.87,1395,94
1779088828.184301,344.91,1410,94
1779088828.287526,411.10,1335,92
1779088828.394164,353.88,1395,92
1779088828.497310,391.68,1410,95
1779088828.600445,404.35,1410,95
1779088828.703631,446.82,1335,89
1779088828.806787,369.27,1395,89
1779088828.910015,395.71,1365,90
1779088829.013218,419.72,1320,90
1779088829.117049,383.05,1395,95
1779088829.221011,335.39,1410,95
1779088829.324144,384.11,1410,90
1779088829.427281,413.67,1320,90
1779088829.530604,370.21,1395,96
1779088829.634035,349.56,1410,96
1779088829.737252,449.92,1305,89
1779088829.840503,398.15,1305,89
1779088829.944092,405.98,1305,98
1779088830.054906,388.31,1320,95
1779088830.158870,408.66,1365,95
1779088830.262109,327.03,1395,93
1779088830.365324,438.81,1320,93
1779088830.468524,401.25,1380,95
1779088830.572344,372.71,1410,95
1779088830.681360,400.92,1320,92
1779088830.784706,408.94,1395,92
1779088830.888057,361.91,1290,93
1779088830.991349,391.68,1305,93
1779088831.094648,418.18,1380,98
1779088831.197875,342.48,1410,98
1779088831.301738,388.10,1410,91
1779088831.405002,401.05,1410,91
1779088831.508161,377.30,1320,91
1779088831.611668,339.37,1350,91
1779088831.715300,385.33,1320,96
1779088831.819704,369.88,1395,96
1779088831.922743,440.08,1365,94
1779088832.026607,361.24,1365,94
1779088832.131450,387.48,1395,94
1779088832.234608,373.31,1410,94
1779088832.337727,399.50,1410,91
1779088832.440840,408.33,1320,91
1779088832.544045,372.98,1395,96
1779088832.647271,360.27,1410,96
1779088832.750438,415.07,1350,89
1779088832.853661,386.48,1365,89
1779088832.956863,409.54,1305,96
1779088833.060641,425.25,1350,96
1779088833.169814,344.63,1395,95
1779088833.273197,410.48,1335,95
1779088833.376460,375.09,1395,93
1779088833.479609,441.90,1335,93
1779088833.582833,306.10,1395,94
1779088833.686831,421.88,1320,90
1779088833.797235,343.68,1395,90
1779088833.903952,393.23,1320,88
1779088834.007267,401.86,1290,88
1779088834.110514,406.78,1380,98
1779088834.214158,313.47,1410,98
1779088834.324098,424.04,1380,90
1779088834.427248,354.49,1410,90
1779088834.553615,440.35,1320,93
1779088834.656750,345.25,1395,93
1779088834.759999,401.53,1410,92
1779088834.863722,349.84,1410,92
1779088834.966789,325.81,1410,86
1779088835.069975,379.12,1410,86
1779088835.173365,404.01,1410,87
1779088835.276549,347.07,1410,87
1779088835.379660,388.31,1410,88
1779088835.482844,399.70,1410,88
1779088835.586578,349.23,1410,90
1779088835.690746,387.76,1410,90
1779088835.793920,402.19,1410,88
1779088835.897126,342.75,1410,88
1779088836.000283,390.80,1410,88
1779088836.103481,404.35,1410,88
1779088836.206798,333.50,1410,90
1779088836.311197,384.94,1410,87
1779088836.414624,401.86,1410,87
1779088836.517802,328.58,1410,87
1779088836.621152,381.62,1410,87
1779088836.724409,398.48,1410,90
1779088836.827691,332.62,1410,90
1779088836.931053,359.38,1410,87
1779088837.034803,392.95,1410,87
1779088837.138940,413.58,1410,88
1779088837.242111,356.98,1410,88
1779088837.345248,394.17,1410,90
1779088837.448441,407.19,1410,90
1779088837.551604,355.43,1410,89
1779088837.654791,395.79,1410,89
1779088837.758271,405.23,1410,90
1779088837.862509,356.65,1410,90
1779088837.965596,392.01,1410,89
1779088838.069196,405.23,1410,89
1779088838.172369,389.25,1410,89
1779088838.275404,404.35,1410,89
1779088838.378472,338.76,1410,90
1779088838.481621,383.78,1410,90
1779088838.585268,401.65,1410,89
1779088838.688370,350.78,1410,89
1779088838.791422,366.83,1410,87
1779088838.894454,393.96,1410,87
1779088838.997620,409.54,1410,89
1779088839.100710,335.67,1410,89
1779088839.203849,370.82,1395,87
1779088839.306903,451.14,1320,87
1779088839.410755,410.81,1350,92
1779088839.516022,321.50,1395,92
1779088839.619124,374.53,1410,89
1779088839.722678,384.94,1395,89
1779088839.825742,410.81,1410,90
1779088839.929530,327.03,1395,87
1779088840.035814,371.99,1410,87
1779088840.141632,399.42,1395,90
1779088840.244738,415.74,1410,90
1779088840.347907,364.68,1320,90
1779088840.451155,327.36,1395,90
1779088840.554253,350.17,1410,90
1779088840.658045,389.64,1395,90
1779088840.762290,400.72,1410,89
1779088840.868145,319.33,1395,89
1779088840.971330,361.91,1395,86
1779088841.074565,386.26,1395,86
1779088841.177712,401.94,1410,89
1779088841.280851,319.06,1395,89
1779088841.383988,365.56,1410,87
1779088841.487852,399.09,1395,87
1779088841.596938,400.64,1395,90
1779088841.700081,365.28,1395,90
1779088841.803337,401.86,1410,87
1779088841.906438,396.60,1395,87
1779088842.009475,459.76,1350,88
1779088842.113314,314.74,1320,88
1779088842.217530,415.07,1320,91
1779088842.320816,373.31,1380,91
1779088842.424025,411.10,1395,95
1779088842.527197,351.72,1410,95
1779088842.633222,387.36,1395,89
1779088842.736428,401.86,1410,89
1779088842.840338,339.36,1395,92
1779088842.943708,373.82,1410,92
1779088843.046904,407.11,1395,89
1779088843.150525,405.84,1395,89
1779088843.253705,367.72,1410,91
1779088843.357572,395.38,1395,90
1779088843.461942,413.58,1335,90
1779088843.567980,339.98,1395,93
1779088843.671578,388.64,1395,93
1779088843.774684,404.95,1410,92
1779088843.877997,351.39,1395,92
1779088843.981404,384.71,1395,90
1779088844.084679,402.19,1395,90
1779088844.187935,355.43,1395,90
1779088844.291126,367.11,1410,90
1779088844.395035,390.13,1395,91
1779088844.502653,405.84,1410,91
1779088844.605875,341.86,1395,90
1779088844.709003,380.29,1410,90
1779088844.812283,408.66,1395,92
1779088844.915513,418.18,1395,92
1779088845.019563,350.14,1395,90
1779088845.124483,390.25,1395,90
1779088845.228305,402.80,1395,92
1779088845.331486,376.08,1395,92
1779088845.434694,413.58,1290,89
1779088845.538049,409.88,1290,89
1779088845.641255,399.70,1275,100
1779088845.744951,323.98,1395,100
1779088845.854099,408.66,1350,90
1779088845.957308,356.32,1350,90
1779088846.060745,369.00,1395,94
1779088846.164244,422.21,1305,94
1779088846.267703,319.94,1365,96
1779088846.371673,383.05,1395,96
1779088846.475488,407.72,1335,92
1779088846.578752,351.39,1395,92
1779088846.681931,403.41,1395,92
1779088846.785438,405.84,1395,91
1779088846.888648,345.25,1395,91
1779088846.992028,374.81,1395,89
1779088847.098589,407.72,1395,89
1779088847.203072,406.17,1395,92
1779088847.306248,335.05,1395,92
1779088847.409312,375.48,1410,88
1779088847.512409,405.23,1395,88
1779088847.615421,461.59,1305,93
1779088847.718485,407.39,1350,93
1779088847.821510,403.41,1320,95
1779088847.925229,403.08,1320,95
1779088848.030521,375.75,1395,95
1779088848.133929,407.72,1410,95
1779088848.237542,324.87,1335,88
1779088848.340656,422.06,1320,88
1779088848.443866,403.60,1380,97
1779088848.547121,381.56,1395,97
1779088848.650406,400.92,1395,90
1779088848.755456,406.17,1410,90
1779088848.859208,350.43,1395,88
1779088848.962365,397.55,1410,88
1779088849.065443,406.50,1395,90
1779088849.168679,343.35,1395,90
1779088849.271818,427.41,1335,89
1779088849.374938,389.52,1380,89
1779088849.478240,337.55,1410,93
1779088849.584851,370.77,1395,93
1779088849.688175,392.62,1395,87
1779088849.791402,403.08,1395,87
1779088849.894550,447.43,1290,90
1779088849.997767,406.78,1290,90
1779088850.100810,402.19,1290,97
1779088850.204011,411.70,1350,97
1779088850.307967,311.97,1395,97
1779088850.411406,358.44,1410,97
1779088850.514594,419.72,1320,87
1779088850.618145,341.26,1395,95
1779088850.721550,396.00,1395,95
1779088850.825109,406.78,1395,90
1779088850.931916,334.78,1395,90
1779088851.040898,360.27,1410,88
1779088851.144109,387.36,1395,88
1779088851.247370,403.41,1395,92
1779088851.350575,408.66,1395,92
1779088851.453775,441.12,1320,93
1779088851.557197,336.87,1395,93
1779088851.663695,392.95,1395,91
1779088851.766802,396.93,1410,91
1779088851.869914,387.98,1350,90
1779088851.973180,425.58,1320,90
1779088852.076372,341.19,1395,94
1779088852.179546,401.86,1395,94
1779088852.282714,409.27,1395,91
1779088852.386626,345.50,1395,91
1779088852.491848,433.60,1290,91
1779088852.596446,380.29,1365,91
1779088852.699624,324.54,1395,95
1779088852.802957,375.70,1395,95
1779088852.906212,397.55,1410,88
1779088853.009470,406.78,1320,88
1779088853.113339,392.62,1380,95
1779088853.217443,436.20,1320,95
1779088853.322674,369.79,1380,93
1779088853.425923,354.74,1395,93
1779088853.530371,391.62,1335,89
1779088853.633653,404.95,1305,89
1779088853.736882,308.26,1350,96
1779088853.840764,367.07,1395,96
1779088853.946443,380.84,1395,91
1779088854.050620,404.82,1350,91
1779088854.153836,415.59,1365,91
1779088854.257139,405.15,1335,93
1779088854.363789,407.92,1320,93
1779088854.467641,379.07,1395,95
1779088854.572809,410.81,1395,95
1779088854.675927,370.17,1320,91
1779088854.779054,400.04,1365,91
1779088854.882333,375.97,1395,95
1779088854.985449,350.75,1410,95
1779088855.088658,391.40,1395,89
1779088855.192165,402.46,1395,89
1779088855.298858,410.39,1395,92
1779088855.402116,355.31,1395,92
1779088855.505827,385.76,1395,90
1779088855.609753,402.46,1395,90
1779088855.713420,410.81,1395,92
1779088855.816666,344.03,1305,92
1779088855.920688,404.95,1365,94
1779088856.026486,351.36,1395,94
1779088856.131898,460.04,1350,91
1779088856.235064,412.83,1320,91
1779088856.338284,386.69,1395,96
1779088856.441492,411.01,1395,96
1779088856.547067,436.37,1305,92
1779088856.655833,401.78,1305,92
1779088856.759006,337.13,1350,98
1779088856.862195,399.63,1380,98
1779088856.965423,409.12,1395,91
1779088857.068607,438.24,1320,91
1779088857.171805,364.81,1350,94
1779088857.278670,354.10,1395,94
1779088857.381815,423.27,1320,90
1779088857.485461,410.07,1365,97
1779088857.588668,387.91,1395,97
1779088857.691989,406.09,1395,89
1779088857.797634,454.52,1320,89
1779088857.901391,405.76,1380,94
1779088858.007202,313.76,1395,94
1779088858.110472,356.53,1410,87
1779088858.213793,383.93,1350,87
1779088858.317242,418.96,1365,93
1779088858.420753,342.06,1395,93
1779088858.524201,385.15,1395,88
1779088858.628184,399.29,1395,88
1779088858.736911,406.70,1410,89
1779088858.840255,420.84,1395,89
1779088858.943473,330.06,1395,87
1779088859.046733,382.39,1335,87
1779088859.150023,414.65,1395,94
1779088859.254005,400.51,1395,94
1779088859.363861,410.68,1380,88
1779088859.467130,430.35,1320,88
1779088859.570444,386.69,1380,92
1779088859.673767,403.00,1395,92
1779088859.777197,306.68,1395,89
1779088859.881068,364.21,1395,89
1779088859.984625,423.93,1320,86
1779088860.087938,366.09,1335,86
1779088860.191364,402.05,1320,97
1779088860.294645,399.02,1395,97
1779088860.397937,411.61,1395,92
1779088860.501108,329.18,1335,92
1779088860.604263,442.05,1275,89
1779088860.707625,405.76,1335,89
1779088860.811508,406.70,1395,97
1779088860.920214,322.05,1380,88
1779088861.025857,391.29,1335,88
1779088861.129018,412.22,1365,94
1779088861.232178,321.17,1395,94
1779088861.335972,432.50,1305,92
1779088861.445549,376.20,1395,92
1779088861.549693,302.69,1395,89
1779088861.652908,359.66,1395,89
1779088861.756049,377.75,1395,87
1779088861.859326,393.16,1380,87
1779088861.963219,403.94,1395,89
1779088862.070932,421.44,1365,89
1779088862.174171,441.00,1365,92
1779088862.277534,381.78,1395,92
1779088862.380848,414.89,1395,89
1779088862.484185,318.73,1335,89
1779088862.588138,429.13,1305,91
1779088862.695196,368.52,1395,91
1779088862.798385,339.62,1395,92
1779088862.901620,376.86,1395,92
1779088863.004851,418.96,1305,87
1779088863.108185,307.00,1350,87
1779088863.211432,364.21,1395,97
1779088863.315301,385.48,1395,97
1779088863.422857,399.29,1380,87
1779088863.526267,402.05,1395,87
1779088863.629618,424.21,1305,90
1779088863.732928,327.36,1395,90
1779088863.836272,436.53,1305,92
1779088863.939991,341.78,1380,92
1779088864.044026,374.04,1380,92
1779088864.148133,414.37,1305,95
1779088864.251631,409.12,1350,95
1779088864.354889,379.29,1395,92
1779088864.458752,404.21,1395,92
1779088864.562827,435.93,1335,92
1779088864.666074,308.55,1380,92
1779088864.770119,371.61,1395,90
1779088864.875551,392.83,1395,90
1779088864.978861,456.95,1290,92
1779088865.082076,400.51,1290,92
1779088865.185491,340.58,1380,94
1779088865.288681,390.67,1395,94
1779088865.391967,405.76,1380,89
1779088865.495391,408.52,1395,89
1779088865.602222,360.27,1395,89
1779088865.705585,342.73,1395,89
1779088865.808934,379.90,1395,88
1779088865.912281,394.98,1395,88
1779088866.015603,404.54,1395,90
1779088866.118996,409.12,1395,90
1779088866.223077,441.45,1305,90
1779088866.329242,350.40,1395,90
1779088866.432662,369.13,1395,89
1779088866.536014,430.35,1350,89
1779088866.639287,405.76,1320,92
1779088866.742503,366.70,1365,92
1779088866.845797,408.52,1395,95
1779088866.949558,419.47,1395,95
1779088867.057326,339.62,1335,89
1779088867.160505,408.85,1305,89
1779088867.263683,405.76,1350,95
1779088867.367079,439.46,1335,95
1779088867.470190,306.40,1380,94
1779088867.574010,422.66,1305,94
1779088867.682695,321.17,1395,94
1779088867.786249,379.90,1395,88
1779088867.890546,396.20,1395,88
1779088867.993660,396.53,1395,90
1779088868.096832,413.16,1335,90
1779088868.200663,401.78,1305,95
1779088868.305421,386.37,1395,95
1779088868.409302,328.52,1395,88
1779088868.512900,361.17,1350,88
1779088868.616017,414.99,1305,93
1779088868.719240,353.76,1395,93
1779088868.822574,405.76,1395,90
1779088868.926391,413.16,1395,90
1779088869.031702,445.15,1275,92
1779088869.134824,400.23,1275,92
1779088869.237908,405.15,1380,97
1779088869.341233,386.97,1395,97
1779088869.444432,412.22,1335,89
1779088869.547625,436.20,1305,89
1779088869.651353,408.25,1395,95
1779088869.758147,418.96,1395,95
1779088869.862108,436.37,1320,90
1779088869.965189,363.32,1365,90
1779088870.068224,412.13,1380,93
1779088870.171340,327.30,1395,93
1779088870.274672,398.07,1380,90
1779088870.377832,403.60,1275,90
1779088870.488049,406.09,1335,95
1779088870.591291,410.39,1395,95
1779088870.694469,338.75,1395,92
1779088870.797896,432.83,1305,92
1779088870.900906,315.65,1365,91
1779088871.004287,376.86,1395,91
1779088871.110986,400.23,1395,90
1779088871.214180,464.35,1275,93
1779088871.317861,395.92,1275,93
1779088871.421259,304.24,1380,94
1779088871.524498,394.98,1395,94
1779088871.627678,384.82,1410,87
1779088871.731627,474.77,1275,87
1779088871.835319,397.74,1290,96
1779088871.939935,412.55,1380,96
1779088872.043037,413.44,1395,93
1779088872.146267,353.44,1395,93
1779088872.249376,416.20,1305,91
1779088872.352770,328.25,1380,91
1779088872.455924,388.52,1395,91
1779088872.559855,458.83,1305,91
1779088872.664254,406.97,1380,95
1779088872.767499,373.16,1395,95
1779088872.870685,384.82,1335,91
1779088872.973958,430.07,1380,91
1779088873.077327,389.13,1395,93
1779088873.180504,413.44,1350,93
1779088873.284430,431.18,1320,93
1779088873.393970,415.92,1290,93
1779088873.497346,336.87,1395,95
1779088873.600730,361.45,1395,95
1779088873.704243,392.95,1395,88
1779088873.807591,398.69,1395,88
1779088873.911344,449.46,1320,90
1779088874.016719,362.05,1365,90
1779088874.119897,407.30,1395,93
1779088874.223028,413.16,1395,93
1779088874.326266,333.78,1395,91
1779088874.429673,433.16,1305,91
1779088874.532852,403.94,1305,93
1779088874.637285,322.10,1380,95
1779088874.742489,363.60,1395,95
1779088874.848688,423.00,1320,90
1779088874.951833,313.48,1380,90
1779088875.055065,390.67,1305,93
1779088875.158302,392.22,1365,93
1779088875.261538,391.62,1350,93
1779088875.365371,410.07,1350,93
1779088875.473940,384.21,1335,93
1779088875.577661,411.89,1365,93
1779088875.681309,405.43,1290,94
1779088875.784456,405.76,1350,94
1779088875.887619,376.20,1380,93
1779088875.991531,397.14,1395,93
1779088876.096434,413.02,1395,91
1779088876.199612,317.47,1380,91
1779088876.302878,368.24,1395,87
1779088876.406042,429.02,1305,87
1779088876.509295,321.50,1395,92
1779088876.613242,375.31,1395,92
1779088876.717599,410.07,1305,88
1779088876.822976,381.17,1380,88
1779088876.926333,404.54,1380,92
1779088877.029457,444.82,1305,92
1779088877.132652,401.45,1290,92
1779088877.235844,324.87,1335,92
1779088877.339045,415.92,1365,95
1779088877.442410,394.98,1305,95
1779088877.546550,437.14,1335,94
1779088877.653979,398.69,1320,94
1779088877.757180,397.47,1305,94
1779088877.860749,367.30,1380,94
1779088877.964110,419.62,1395,95
1779088878.068048,331.01,1395,88
1779088878.171926,405.76,1305,88
1779088878.279926,404.54,1275,96
1779088878.383465,411.01,1320,96
1779088878.486640,371.95,1395,92
1779088878.589925,403.60,1395,92
1779088878.693196,411.28,1335,89
1779088878.796989,410.39,1365,89
1779088878.902220,404.82,1395,92
1779088879.005322,354.38,1380,92
1779088879.108442,436.20,1305,92
1779088879.211535,393.44,1365,92
1779088879.314662,374.37,1380,92
1779088879.417960,398.07,1395,92
1779088879.521140,450.07,1320,91
1779088879.624805,307.00,1395,91
1779088879.730077,358.69,1395,89
1779088879.833310,438.36,1290,89
1779088879.936541,402.67,1365,96
1779088880.039801,341.19,1395,96
1779088880.142933,392.83,1395,87
1779088880.246613,400.23,1395,87
1779088880.349741,317.79,1395,89
1779088880.459504,421.12,1320,89
1779088880.562671,389.73,1395,92
1779088880.665856,408.85,1395,92
1779088880.768919,424.55,1335,90
1779088880.872040,334.98,1350,90
1779088880.975287,391.89,1395,92
1779088881.079059,443.00,1335,92
1779088881.186544,355.59,1380,92
1779088881.290306,409.46,1395,92
1779088881.393417,305.79,1350,89
1779088881.496851,424.99,1305,91
1779088881.600105,379.29,1395,91
1779088881.703871,398.69,1395,89
1779088881.807206,446.25,1305,89
1779088881.910748,403.27,1305,97
1779088882.015062,383.00,1395,97
1779088882.118249,346.97,1395,89
1779088882.221550,354.12,1395,89
1779088882.324649,383.60,1365,85
1779088882.427679,412.83,1275,85
1779088882.531498,405.43,1275,100
1779088882.639057,411.89,1395,100
1779088882.742294,438.84,1290,92
1779088882.845603,406.97,1350,92
1779088882.949208,385.15,1395,95
1779088883.052906,325.75,1395,95
1779088883.157147,373.16,1395,87
1779088883.265464,394.98,1395,87
1779088883.368655,394.38,1395,90
1779088883.471880,408.85,1395,90
1779088883.575761,333.44,1305,89
1779088883.678871,343.60,1335,89
1779088883.782533,439.29,1395,94
1779088883.890539,331.28,1350,94
1779088883.993615,408.85,1305,91
1779088884.096775,327.36,1350,91
1779088884.200043,377.47,1395,95
1779088884.303502,415.32,1335,95
1779088884.407317,402.05,1395,95
1779088884.512767,336.25,1395,95
1779088884.616053,407.16,1335,88
1779088884.719702,311.00,1365,88
1779088884.823128,367.91,1395,93
1779088884.926983,449.88,1305,91
1779088885.030053,406.89,1305,91
1779088885.133849,377.47,1395,92
1779088885.239689,406.36,1395,92
1779088885.346968,445.43,1320,92
1779088885.450014,387.31,1305,92
1779088885.553114,405.15,1305,97
1779088885.656191,317.46,1395,97
1779088885.759997,380.24,1395,87
1779088885.865354,399.29,1395,87
1779088885.968526,409.74,1395,90
1779088886.071576,327.91,1350,90
1779088886.174599,427.75,1365,92
1779088886.277606,359.29,1335,92
1779088886.380631,411.89,1305,93
1779088886.483669,403.27,1380,93
1779088886.587045,403.60,1335,92
1779088886.691729,421.44,1335,92
1779088886.796110,399.29,1380,97
1779088886.899277,391.62,1395,97
1779088887.002393,364.21,1305,90
1779088887.106045,400.84,1320,90
1779088887.210082,312.83,1365,97
1779088887.313229,421.78,1335,97
1779088887.416929,374.37,1365,93
1779088887.520795,403.80,1395,93
1779088887.624452,443.15,1320,88
1779088887.727524,381.17,1380,88
1779088887.830770,325.75,1395,92
1779088887.933898,403.80,1365,92
1779088888.037088,351.94,1365,90
1779088888.140271,403.00,1395,90
1779088888.244198,418.68,1395,91
1779088888.348353,347.31,1395,91
1779088888.451707,427.75,1320,88
1779088888.554897,354.71,1380,88
1779088888.658084,404.54,1395,92
1779088888.761788,375.92,1395,90
1779088888.864910,379.02,1320,90
1779088888.968012,406.36,1305,92
1779088889.071892,375.31,1395,92
1779088889.178339,443.76,1320,92
1779088889.283849,294.71,1395,92
1779088889.387030,368.52,1395,89
1779088889.490281,395.31,1395,89
1779088889.593481,406.09,1335,89
1779088889.697226,413.16,1380,89
1779088889.803141,315.32,1395,91
1779088889.906672,371.01,1320,91
1779088890.009887,410.86,1365,91
1779088890.113082,392.22,1320,91
1779088890.216277,323.60,1380,90
1779088890.319381,377.14,1350,90
1779088890.429327,411.61,1365,95
1779088890.532452,291.33,1395,95
1779088890.635531,386.37,1305,87
1779088890.738648,413.62,1305,87
1779088890.842241,398.36,1395,97
1779088890.945426,413.62,1305,97
1779088891.048472,372.22,1380,93
1779088891.152260,403.27,1395,93
1779088891.258339,354.10,1395,92
1779088891.361474,461.92,1305,92
1779088891.464590,398.69,1275,92
1779088891.567667,396.87,1275,92
1779088891.670720,407.30,1275,100
1779088891.773791,362.39,1335,100
1779088891.877532,399.90,1305,97
1779088891.987402,405.76,1320,97
1779088892.095664,374.04,1395,95
1779088892.198810,413.62,1395,92
1779088892.302800,363.60,1395,92
1779088892.410726,391.00,1395,90
1779088892.514050,408.10,1395,90
1779088892.617263,347.63,1395,91
1779088892.720504,393.44,1395,91
1779088892.823609,452.37,1305,93
1779088892.927357,362.66,1335,93
1779088893.033391,418.35,1350,93
1779088893.136528,430.24,1275,93
1779088893.239613,402.05,1335,98
1779088893.342736,374.37,1305,98
1779088893.448075,409.74,1380,92
1779088893.551208,314.10,1350,92
1779088893.654578,420.41,1365,93
1779088893.764380,357.14,1320,93
1779088893.867493,418.35,1380,92
1779088893.971275,372.55,1395,92
1779088894.074308,329.79,1305,92
1779088894.177353,376.53,1395,92
1779088894.280390,425.15,1305,92
1779088894.384168,363.32,1365,92
1779088894.488187,341.78,1395,93
1779088894.592942,416.81,1320,93
1779088894.696221,403.00,1395,93
1779088894.799525,361.45,1395,93
1779088894.902825,396.53,1395,89
1779088895.006130,408.25,1395,89
1779088895.109507,364.81,1380,92
1779088895.213295,396.87,1395,92
1779088895.317847,403.60,1395,90
1779088895.420947,360.51,1395,90
1779088895.524220,398.36,1395,90
1779088895.627388,407.92,1395,91
1779088895.730535,358.44,1395,91
1779088895.833688,392.83,1395,89
1779088895.936989,405.15,1395,89
1779088896.044291,337.47,1395,92
1779088896.147464,388.52,1395,92
1779088896.250602,401.45,1395,89
1779088896.353806,409.46,1395,89
1779088896.460833,348.85,1395,87
1779088896.564567,373.77,1395,87
1779088896.669684,408.43,1395,90
1779088896.773229,414.99,1395,90
1779088896.876859,357.74,1395,88
1779088896.980355,390.67,1395,88
1779088897.083524,404.82,1395,90
1779088897.186651,356.86,1395,90
1779088897.290364,366.09,1395,88
1779088897.396078,394.98,1395,88
1779088897.499238,405.43,1395,90
1779088897.602513,336.87,1395,90
1779088897.706439,375.59,1395,88
1779088897.809492,408.85,1395,88
1779088897.912496,323.65,1395,90
1779088898.015643,378.35,1395,90
1779088898.122137,398.36,1395,88
1779088898.225323,410.07,1395,88
1779088898.328626,321.50,1395,90
1779088898.431898,368.24,1395,90
1779088898.535288,393.16,1395,86
1779088898.638576,407.92,1395,86
1779088898.742457,417.14,1395,89
1779088898.846867,330.39,1395,89
1779088898.950195,382.39,1395,88
1779088899.054018,396.87,1395,88
1779088899.157276,407.30,1395,88
1779088899.260510,379.90,1395,88
1779088899.363726,355.31,1395,88
1779088899.467010,388.52,1395,87
1779088899.571312,398.88,1395,87
1779088899.675697,411.80,1395,90
1779088899.778990,337.13,1395,90
1779088899.882304,382.39,1395,87
1779088899.985537,394.98,1395,87
1779088900.088707,402.86,1380,90
1779088900.191909,324.54,1395,90
1779088900.295241,374.99,1395,88
1779088900.401783,396.20,1395,88
1779088900.505137,405.95,1395,90
1779088900.608532,366.09,1395,90
1779088900.711889,359.29,1395,87
1779088900.815285,389.13,1395,87
1779088900.919713,403.94,1395,90
1779088901.023583,420.24,1395,90
1779088901.128048,350.40,1395,88
1779088901.231383,382.66,1395,88
1779088901.335204,402.67,1395,89
1779088901.438368,341.17,1380,89
1779088901.541610,388.52,1395,89
1779088901.644722,402.39,1395,89
1779088901.747897,408.52,1395,90
1779088901.854430,350.40,1395,90
1779088901.957646,386.69,1395,89
1779088902.060827,400.23,1395,89
1779088902.163989,408.52,1395,89
1779088902.267197,342.06,1395,89
1779088902.370334,384.21,1395,89
1779088902.473525,403.19,1395,89
1779088902.580139,407.16,1395,89
1779088902.683846,339.29,1395,90
1779088902.787009,377.09,1395,90
1779088902.890180,398.88,1395,88
1779088902.993398,407.30,1395,88
1779088903.096563,352.55,1395,90
1779088903.200795,383.33,1395,90
1779088903.305672,396.87,1395,89
1779088903.408845,406.70,1395,89
1779088903.511987,345.76,1395,89
1779088903.615195,371.01,1395,89
1779088903.718381,397.74,1395,88
1779088903.821558,406.09,1395,88
1779088903.924949,341.44,1395,90
1779088904.031435,380.78,1395,90
1779088904.134674,400.51,1395,88
1779088904.237889,407.50,1395,88
1779088904.345145,355.59,1395,90
1779088904.448554,374.71,1395,90
1779088904.552589,397.34,1395,89
1779088904.655793,408.10,1395,89
1779088904.759256,357.47,1395,90
1779088904.863385,383.93,1410,90
1779088904.967196,409.46,1395,89
1779088905.070779,343.93,1395,89
1779088905.173964,380.84,1395,90
1779088905.277864,402.67,1410,90
1779088905.382431,405.43,1395,88
1779088905.485709,311.61,1395,88
1779088905.588868,338.41,1410,88
1779088905.692119,388.52,1395,88
1779088905.795361,399.63,1395,87
1779088905.898713,333.15,1395,87
1779088906.002501,373.16,1395,91
1779088906.108780,395.92,1395,88
1779088906.212047,400.23,1395,88
1779088906.315244,343.60,1395,90
1779088906.418577,383.60,1395,90
1779088906.521909,396.53,1395,89
1779088906.625351,392.22,1395,89
1779088906.729330,362.39,1395,88
1779088906.835483,392.22,1395,88
1779088906.938668,395.31,1410,90
1779088907.041912,339.02,1395,90
1779088907.145423,367.91,1395,88
1779088907.248770,396.20,1395,88
1779088907.352059,403.60,1395,91
1779088907.456110,347.63,1395,91
1779088907.560424,385.76,1395,90
1779088907.663727,399.29,1410,90
1779088907.767176,336.25,1395,91
1779088907.870515,371.61,1395,91
1779088907.973941,398.36,1395,88
1779088908.077356,412.83,1395,88
1779088908.181210,355.92,1395,88
1779088908.286368,390.67,1395,88
1779088908.390155,400.23,1395,91
1779088908.493634,378.35,1395,91
1779088908.596673,402.39,1410,89
1779088908.699728,340.23,1395,89
1779088908.802811,377.09,1395,90
1779088908.905958,403.80,1410,90
1779088909.015746,347.63,1395,89
1779088909.118901,386.69,1395,89
1779088909.222083,404.21,1395,89
1779088909.325207,358.69,1410,89
1779088909.428401,394.38,1395,89
1779088909.532285,401.45,1395,89
1779088909.637020,368.85,1395,91
1779088909.740164,410.86,1410,89
1779088909.843335,324.54,1395,89
1779088909.946559,384.82,1395,89
1779088910.049740,402.39,1410,89
1779088910.159245,350.67,1395,90
1779088910.262477,383.60,1395,90
1779088910.365640,402.67,1395,90
1779088910.468725,360.51,1410,90
1779088910.571878,398.69,1395,89
1779088910.675211,372.22,1395,89
1779088910.778319,372.22,1410,89
1779088910.882078,409.98,1410,89
1779088910.987118,350.40,1395,91
1779088911.090286,386.30,1395,91
1779088911.193336,401.04,1410,90
1779088911.296424,371.23,1410,90
1779088911.401464,411.19,1410,89
1779088911.504666,348.50,1395,89
1779088911.608367,382.00,1410,90
1779088911.711424,403.52,1410,90
1779088911.815117,367.26,1410,89
1779088911.918823,367.87,1395,89
1779088912.021797,385.97,1410,91
1779088912.124742,408.10,1410,91
1779088912.227726,360.47,1410,90
1779088912.330856,403.52,1410,90
1779088912.435865,354.95,1410,90
1779088912.538975,396.46,1410,90
1779088912.642143,412.13,1410,91
1779088912.745327,371.23,1410,91
1779088912.848608,404.74,1410,90
1779088912.952522,329.45,1395,90
1779088913.056851,375.54,1395,92
1779088913.162955,408.63,1410,90
1779088913.265989,377.09,1410,90
1779088913.369110,401.98,1410,90
1779088913.472170,320.51,1410,90
1779088913.575416,390.82,1410,89
1779088913.678590,408.63,1410,89
1779088913.782373,373.66,1410,90
1779088913.885461,402.45,1410,90
1779088913.988536,355.56,1410,90
1779088914.091667,395.72,1410,90
1779088914.194803,372.07,1410,91
1779088914.297900,380.67,1410,91
1779088914.401044,401.23,1410,90
1779088914.504582,375.15,1410,90
1779088914.608813,386.79,1410,88
1779088914.711826,326.97,1410,88
1779088914.814815,388.94,1410,90
1779088914.917859,367.77,1410,90
1779088915.020862,387.12,1410,91
1779088915.123949,378.52,1410,91
1779088915.227014,390.82,1410,90
1779088915.330751,358.32,1410,90
1779088915.433741,390.21,1410,90
1779088915.537370,339.28,1410,90
1779088915.640474,329.12,1410,90
1779088915.743539,388.94,1410,90
1779088915.846561,348.77,1410,90
1779088915.949622,394.18,1410,90
1779088916.053424,351.50,1410,90
1779088916.156838,393.57,1410,90
1779088916.259882,355.89,1410,90
1779088916.363139,396.33,1410,90
1779088916.466210,364.17,1410,90
1779088916.569507,395.72,1410,90
1779088916.672594,371.46,1410,90
1779088916.776040,397.26,1410,90
1779088916.880744,377.69,1410,90
1779088916.983834,401.84,1410,90
1779088917.086966,379.46,1410,90
1779088917.190115,401.23,1410,88
1779088917.293188,358.89,1410,88
1779088917.396874,401.23,1410,89
1779088917.500115,383.76,1410,89
1779088917.605073,334.03,1410,90
1779088917.708253,382.55,1410,90
1779088917.811457,352.71,1410,90
1779088917.914610,389.60,1410,90
1779088918.017675,370.25,1410,91
1779088918.120792,393.57,1410,91
1779088918.223972,376.09,1410,90
1779088918.328642,341.71,1410,90
1779088918.431668,382.00,1410,91
1779088918.534726,356.16,1410,91
1779088918.637789,391.42,1410,89
1779088918.740888,361.93,1410,89
1779088918.843976,395.72,1410,91
1779088918.947037,374.55,1410,91
1779088919.050729,339.54,1410,89
1779088919.154331,385.30,1410,89
1779088919.257666,378.25,1410,90
1779088919.360675,378.85,1410,90
1779088919.464643,357.01,1410,92
1779088919.567698,386.52,1410,92
1779088919.670814,366.88,1410,91
1779088919.774418,326.36,1410,91
1779088919.877491,380.06,1410,90
1779088919.980577,363.56,1410,90
1779088920.083607,354.26,1410,90
1779088920.186642,375.15,1410,90
1779088920.289673,342.04,1410,91
1779088920.392754,383.15,1410,91
1779088920.495878,363.19,1410,90
1779088920.599715,321.45,1410,91
1779088920.702790,370.25,1410,91
1779088920.805902,346.26,1410,89
1779088920.908992,381.28,1410,89
1779088921.012009,365.61,1410,91
1779088921.115438,357.95,1410,91
1779088921.218576,318.03,1410,89
1779088921.322456,367.16,1410,89
1779088921.425585,363.19,1410,90
1779088921.528648,356.74,1410,90
1779088921.659469,320.52,1410,89
1779088921.762553,364.41,1410,89
1779088921.866285,373.61,1410,91
1779088921.970300,365.95,1410,91
1779088922.073389,322.06,1410,89
1779088922.176374,376.09,1410,89
1779088922.279316,364.41,1410,91
1779088922.382453,353.65,1410,91
1779088922.485700,347.81,1410,89
1779088922.588953,333.42,1410,89
1779088922.692797,313.46,1410,90
1779088922.795985,369.92,1410,90
1779088922.899148,364.07,1410,91
1779088923.002277,356.41,1410,91
1779088923.105364,350.29,1410,89
1779088923.208486,339.20,1410,89
1779088923.311670,330.60,1410,90
1779088923.415514,320.19,1410,90
1779088923.519068,314.67,1410,90
1779088923.622249,366.88,1410,92
1779088923.725410,354.59,1410,92
1779088923.828651,356.41,1410,90
1779088923.932353,352.71,1410,90
1779088924.035593,349.07,1410,90
1779088924.139324,349.07,1410,90
1779088924.242769,344.77,1410,91
1779088924.346058,329.73,1410,91
1779088924.449291,328.51,1410,89
1779088924.552520,320.79,1410,89
1779088924.655730,321.45,1410,90
1779088924.758929,312.24,1410,90
1779088924.862316,312.51,1410,90
1779088924.966974,312.84,1410,90
1779088925.070110,319.30,1410,91
1779088925.173272,329.12,1410,91
1779088925.276512,318.96,1410,92
1779088925.379662,327.57,1410,92
1779088925.482775,332.49,1410,91
1779088925.586054,336.17,1410,91
1779088925.691405,341.36,1410,93
1779088925.794509,337.39,1410,93
1779088925.897619,341.36,1410,91
1779088926.000816,340.47,1410,91
1779088926.103914,343.50,1410,91
1779088926.206983,343.50,1410,91
1779088926.310520,344.17,1410,91
1779088926.414768,345.05,1410,91
1779088926.517969,345.38,1410,91
1779088926.621177,344.77,1410,91
1779088926.724351,333.69,1410,91
1779088926.827494,341.36,1410,91
1779088926.930611,306.07,1410,90
1779088927.034066,297.47,1410,89
1779088927.138649,303.02,1410,89
1779088927.241812,314.06,1410,91
1779088927.344940,320.51,1410,91
1779088927.448229,326.36,1410,91
1779088927.551360,324.54,1410,91
1779088927.654530,330.60,1410,91
1779088927.757890,331.88,1410,91
1779088927.862549,330.00,1410,91
1779088927.965672,334.30,1410,91
1779088928.068808,310.98,1410,90
1779088928.171887,292.53,1410,90
1779088928.275044,304.83,1410,91
1779088928.378170,317.42,1410,91
1779088928.499721,308.21,1410,91
1779088928.602842,326.96,1410,91
1779088928.707658,330.34,1410,91
1779088928.810980,320.79,1410,91
1779088928.914099,283.31,1410,90
1779088929.017175,298.10,1410,90
1779088929.120178,308.55,1410,90
1779088929.223197,322.66,1410,90
1779088929.326207,298.71,1410,91
1779088929.429325,311.90,1410,91
1779088929.533106,266.42,1410,91
1779088929.636384,302.07,1410,91
1779088929.739595,308.55,1410,89
1779088929.843109,292.89,1410,89
1779088929.946407,313.46,1410,90
1779088930.050085,298.41,1410,90
1779088930.153218,313.73,1410,90
1779088930.257356,297.17,1410,90
1779088930.361088,295.95,1410,90
1779088930.464574,293.80,1410,90
1779088930.568476,275.64,1410,90
1779088930.671666,302.07,1410,91
1779088930.774801,292.86,1410,91
1779088930.878254,269.18,1410,89
1779088930.982656,299.93,1410,89
1779088931.085765,291.31,1410,91
1779088931.188867,272.27,1410,91
1779088931.291968,300.53,1410,90
1779088931.395110,311.30,1410,90
1779088931.498259,308.54,1410,90
1779088931.601611,172.55,1410,90
1779088931.706416,319.30,1410,71
1779088931.809505,316.20,1410,71
1779088931.912599,315.00,1410,90
1779088932.015686,314.38,1410,90
1779088932.118754,308.21,1410,90
1779088932.221817,309.75,1410,90
1779088932.324980,309.76,1410,89
1779088932.430563,309.14,1410,89
1779088932.533623,276.58,1410,89
1779088932.636728,294.41,1410,89
1779088932.739838,278.72,1410,85
1779088932.842980,275.36,1410,85
1779088932.945988,266.76,1410,89
1779088933.049450,259.97,1410,89
1779088933.153424,277.80,1410,82
1779088933.256672,261.51,1410,82
1779088933.359895,274.75,1410,80
1779088933.463106,274.09,1410,80
